Client Bank Account,Credit Card,
[REDACTED_PAN],Sandra Gooch,
[REDACTED_PAN],Alex Hunt,
Agnes McCartney,412624632814911,
3001362232291, Ben Lawton ,
Checking Account: 9046127-432 341303856308768,

NAME,SSN,Status,
SSN,,
Real: [REDACTED_SSN],,
Roger Rivers,[REDACTED_SSN],
Penny Coleman,[REDACTED_SSN],
Evelyn Hood,[REDACTED_SSN],
Davis Beck,[REDACTED_SSN],
Linda Mosher,[REDACTED_SSN],
Peggy Soliz,[REDACTED_SSN],
Steven Cochran,[REDACTED_SSN],
Rodney Morgan,[REDACTED_SSN],
Mario Judkins,[REDACTED_SSN],
Janice Mathews,[REDACTED_SSN],
Letha Andrews,[REDACTED_SSN],
Jimmy Johnson,[REDACTED_SSN],
Bruce Stanko,[REDACTED_SSN],
Sandra Bryant,[REDACTED_SSN],
Mike Flaherty,[REDACTED_SSN],
Charlie Hunter,[REDACTED_SSN],RETIRED
Roger Rivers,[REDACTED_SSN],RETIRED
Penny Coleman,[REDACTED_SSN],RETIRED
Jesus Cooper,[REDACTED_SSN],RETIRED
Evelyn Hood,[REDACTED_SSN],RETIRED
Davis Beck,[REDACTED_SSN],RETIRED
Brent Mercado,[REDACTED_SSN],RETIRED
Linda Mosher,[REDACTED_SSN],RETIRED
Peggy Soliz,[REDACTED_SSN],RETIRED
Steven Cochran,[REDACTED_SSN],RETIRED
Rodney Morgan,[REDACTED_SSN],RETIRED
Judi Stump,[REDACTED_SSN],RETIRED
Mario Judkins,[REDACTED_SSN],RETIRED
Jessica Emerson,[REDACTED_SSN],RETIRED
Jan Gunn,[REDACTED_SSN],RETIRED
Janice Mathews,[REDACTED_SSN],RETIRED
Letha Andrews,[REDACTED_SSN],RETIRED
Jimmy Johnson,[REDACTED_SSN],RETIRED
Ronald Johnson,[REDACTED_SSN],RETIRED
Bruce Stanko,[REDACTED_SSN],RETIRED
Sandra Bryant,[REDACTED_SSN],RETIRED
Mike Flaherty,[REDACTED_SSN],RETIRED
Agnes Norris,[REDACTED_SSN],RETIRED
Charlie Hunter,[REDACTED_SSN],RETIRED
Leonard Grant,[REDACTED_SSN],RETIRED
Donna Tinnin,[REDACTED_SSN],RETIRED
Robert Bramlett,[REDACTED_SSN],RETIRED
Ronald Hein,[REDACTED_SSN],RETIRED
Melvin Watson,[REDACTED_SSN],RETIRED
Evelyn Goodwin,[REDACTED_SSN],RETIRED
Alejandra Fontana,[REDACTED_SSN],RETIRED
Hilaria Hughes,[REDACTED_SSN],RETIRED
Edward Hults,[REDACTED_SSN],RETIRED
Mary Begley,[REDACTED_SSN],RETIRED
Anita Benner,[REDACTED_SSN],RETIRED
Kathryn Green,[REDACTED_SSN],RETIRED
Olga Wolfe,[REDACTED_SSN],RETIRED
Veronica Wright,[REDACTED_SSN],RETIRED
Peggy Epstein,[REDACTED_SSN],RETIRED
Frederick Fee,[REDACTED_SSN],RETIRED
Clara Miller,[REDACTED_SSN],RETIRED
Glen Siegel,[REDACTED_SSN],RETIRED
Henry Lloyd,[REDACTED_SSN],RETIRED
Michael Graham,[REDACTED_SSN],RETIRED
Christina Mcrae,[REDACTED_SSN],RETIRED
Herman Pittman,[REDACTED_SSN],RETIRED
Debbie Llamas,[REDACTED_SSN],RETIRED
Patricia Patton,[REDACTED_SSN],RETIRED
NAME,SSN,Status
SSN,,
Real: [REDACTED_SSN],,
Roger Rivers,[REDACTED_SSN],
Penny Coleman,[REDACTED_SSN],
Evelyn Hood,[REDACTED_SSN],
Davis Beck,[REDACTED_SSN],
Linda Mosher,[REDACTED_SSN],
Peggy Soliz,[REDACTED_SSN],
Steven Cochran,[REDACTED_SSN],
Rodney Morgan,[REDACTED_SSN],
Mario Judkins,[REDACTED_SSN],
Janice Mathews,[REDACTED_SSN],
Letha Andrews,[REDACTED_SSN],
Jimmy Johnson,[REDACTED_SSN],
Bruce Stanko,[REDACTED_SSN],
Sandra Bryant,[REDACTED_SSN],
Mike Flaherty,[REDACTED_SSN],
Charlie Hunter,[REDACTED_SSN],RETIRED
Roger Rivers,[REDACTED_SSN],RETIRED
Penny Coleman,[REDACTED_SSN],RETIRED
Jesus Cooper,[REDACTED_SSN],RETIRED
Evelyn Hood,[REDACTED_SSN],RETIRED
Davis Beck,[REDACTED_SSN],RETIRED
Brent Mercado,[REDACTED_SSN],RETIRED
Linda Mosher,[REDACTED_SSN],RETIRED
Peggy Soliz,[REDACTED_SSN],RETIRED
Steven Cochran,[REDACTED_SSN],RETIRED
Rodney Morgan,[REDACTED_SSN],RETIRED
Judi Stump,[REDACTED_SSN],RETIRED
Mario Judkins,[REDACTED_SSN],RETIRED
Jessica Emerson,[REDACTED_SSN],RETIRED
Jan Gunn,[REDACTED_SSN],RETIRED
Janice Mathews,[REDACTED_SSN],RETIRED
Letha Andrews,[REDACTED_SSN],RETIRED
Jimmy Johnson,[REDACTED_SSN],RETIRED
Ronald Johnson,[REDACTED_SSN],RETIRED
Bruce Stanko,[REDACTED_SSN],RETIRED
Sandra Bryant,[REDACTED_SSN],RETIRED
Mike Flaherty,[REDACTED_SSN],RETIRED
Agnes Norris,[REDACTED_SSN],RETIRED
Charlie Hunter,[REDACTED_SSN],RETIRED
Leonard Grant,[REDACTED_SSN],RETIRED
Donna Tinnin,[REDACTED_SSN],RETIRED
Robert Bramlett,[REDACTED_SSN],RETIRED
Ronald Hein,[REDACTED_SSN],RETIRED
Melvin Watson,[REDACTED_SSN],RETIRED
Evelyn Goodwin,[REDACTED_SSN],RETIRED
Alejandra Fontana,[REDACTED_SSN],RETIRED
Hilaria Hughes,[REDACTED_SSN],RETIRED
Edward Hults,[REDACTED_SSN],RETIRED
Mary Begley,[REDACTED_SSN],RETIRED
Anita Benner,[REDACTED_SSN],RETIRED
Kathryn Green,[REDACTED_SSN],RETIRED
Olga Wolfe,[REDACTED_SSN],RETIRED
Veronica Wright,[REDACTED_SSN],RETIRED
Peggy Epstein,[REDACTED_SSN],RETIRED
Frederick Fee,[REDACTED_SSN],RETIRED
Clara Miller,[REDACTED_SSN],RETIRED
Glen Siegel,[REDACTED_SSN],RETIRED
Henry Lloyd,[REDACTED_SSN],RETIRED
Michael Graham,[REDACTED_SSN],RETIRED
Christina Mcrae,[REDACTED_SSN],RETIRED
Herman Pittman,[REDACTED_SSN],RETIRED
Debbie Llamas,[REDACTED_SSN],RETIRED
Patricia Patton,[REDACTED_SSN],RETIRED

Client Bank Account,Credit Card,Agnes McCartney, [REDACTED_PAN],Sandra Gooch [REDACTED_PAN],Alex Hunt,412624632814911,3001362232291, Ben Lawton Checking Account: 9046127-432 341303856308768,

NAME,SSN,Status,
SSN,,
Real: [REDACTED_SSN],,
Roger Rivers,[REDACTED_SSN],
Penny Coleman,[REDACTED_SSN],
Evelyn Hood,[REDACTED_SSN],
Davis Beck,[REDACTED_SSN],
Linda Mosher,[REDACTED_SSN],
Peggy Soliz,[REDACTED_SSN],
Steven Cochran,[REDACTED_SSN],
Rodney Morgan,[REDACTED_SSN],
Mario Judkins,[REDACTED_SSN],
Janice Mathews,[REDACTED_SSN],
Letha Andrews,[REDACTED_SSN],
Jimmy Johnson,[REDACTED_SSN],
Bruce Stanko,[REDACTED_SSN],
Sandra Bryant,[REDACTED_SSN],
Mike Flaherty,[REDACTED_SSN],
Charlie Hunter,[REDACTED_SSN],RETIRED
Roger Rivers,[REDACTED_SSN],RETIRED
Penny Coleman,[REDACTED_SSN],RETIRED
Jesus Cooper,[REDACTED_SSN],RETIRED
Evelyn Hood,[REDACTED_SSN],RETIRED
Davis Beck,[REDACTED_SSN],RETIRED
Brent Mercado,[REDACTED_SSN],RETIRED
Linda Mosher,[REDACTED_SSN],RETIRED
Peggy Soliz,[REDACTED_SSN],RETIRED
Steven Cochran,[REDACTED_SSN],RETIRED
Rodney Morgan,[REDACTED_SSN],RETIRED
Judi Stump,[REDACTED_SSN],RETIRED
Mario Judkins,[REDACTED_SSN],RETIRED
Jessica Emerson,[REDACTED_SSN],RETIRED
Jan Gunn,[REDACTED_SSN],RETIRED
Janice Mathews,[REDACTED_SSN],RETIRED
Letha Andrews,[REDACTED_SSN],RETIRED
Jimmy Johnson,[REDACTED_SSN],RETIRED
Ronald Johnson,[REDACTED_SSN],RETIRED
Bruce Stanko,[REDACTED_SSN],RETIRED
Sandra Bryant,[REDACTED_SSN],RETIRED
Mike Flaherty,[REDACTED_SSN],RETIRED
Agnes Norris,[REDACTED_SSN],RETIRED
Charlie Hunter,[REDACTED_SSN],RETIRED
Leonard Grant,[REDACTED_SSN],RETIRED
Donna Tinnin,[REDACTED_SSN],RETIRED
Robert Bramlett,[REDACTED_SSN],RETIRED
Ronald Hein,[REDACTED_SSN],RETIRED
Melvin Watson,[REDACTED_SSN],RETIRED
Evelyn Goodwin,[REDACTED_SSN],RETIRED
Alejandra Fontana,[REDACTED_SSN],RETIRED
Hilaria Hughes,[REDACTED_SSN],RETIRED
Edward Hults,[REDACTED_SSN],RETIRED
Mary Begley,[REDACTED_SSN],RETIRED
Anita Benner,[REDACTED_SSN],RETIRED
Kathryn Green,[REDACTED_SSN],RETIRED
Olga Wolfe,[REDACTED_SSN],RETIRED
Veronica Wright,[REDACTED_SSN],RETIRED
Peggy Epstein,[REDACTED_SSN],RETIRED
Frederick Fee,[REDACTED_SSN],RETIRED
Clara Miller,[REDACTED_SSN],RETIRED
Glen Siegel,[REDACTED_SSN],RETIRED
Henry Lloyd,[REDACTED_SSN],RETIRED
Michael Graham,[REDACTED_SSN],RETIRED
Christina Mcrae,[REDACTED_SSN],RETIRED
Herman Pittman,[REDACTED_SSN],RETIRED
Debbie Llamas,[REDACTED_SSN],RETIRED
Patricia Patton,[REDACTED_SSN],RETIRED
NAME,SSN,Status
SSN,,
Real: [REDACTED_SSN],,
Roger Rivers,[REDACTED_SSN],
Penny Coleman,[REDACTED_SSN],
Evelyn Hood,[REDACTED_SSN],
Davis Beck,[REDACTED_SSN],
Linda Mosher,[REDACTED_SSN],
Peggy Soliz,[REDACTED_SSN],
Steven Cochran,[REDACTED_SSN],
Rodney Morgan,[REDACTED_SSN],
Mario Judkins,[REDACTED_SSN],
Janice Mathews,[REDACTED_SSN],
Letha Andrews,[REDACTED_SSN],
Jimmy Johnson,[REDACTED_SSN],
Bruce Stanko,[REDACTED_SSN],
Sandra Bryant,[REDACTED_SSN],
Mike Flaherty,[REDACTED_SSN],
Charlie Hunter,[REDACTED_SSN],RETIRED
Roger Rivers,[REDACTED_SSN],RETIRED
Penny Coleman,[REDACTED_SSN],RETIRED
Jesus Cooper,[REDACTED_SSN],RETIRED
Evelyn Hood,[REDACTED_SSN],RETIRED
Davis Beck,[REDACTED_SSN],RETIRED
Brent Mercado,[REDACTED_SSN],RETIRED
Linda Mosher,[REDACTED_SSN],RETIRED
Peggy Soliz,[REDACTED_SSN],RETIRED
Steven Cochran,[REDACTED_SSN],RETIRED
Rodney Morgan,[REDACTED_SSN],RETIRED
Judi Stump,[REDACTED_SSN],RETIRED
Mario Judkins,[REDACTED_SSN],RETIRED
Jessica Emerson,[REDACTED_SSN],RETIRED
Jan Gunn,[REDACTED_SSN],RETIRED
Janice Mathews,[REDACTED_SSN],RETIRED
Letha Andrews,[REDACTED_SSN],RETIRED
Jimmy Johnson,[REDACTED_SSN],RETIRED
Ronald Johnson,[REDACTED_SSN],RETIRED
Bruce Stanko,[REDACTED_SSN],RETIRED
Sandra Bryant,[REDACTED_SSN],RETIRED
Mike Flaherty,[REDACTED_SSN],RETIRED
Agnes Norris,[REDACTED_SSN],RETIRED
Charlie Hunter,[REDACTED_SSN],RETIRED
Leonard Grant,[REDACTED_SSN],RETIRED
Donna Tinnin,[REDACTED_SSN],RETIRED
Robert Bramlett,[REDACTED_SSN],RETIRED
Ronald Hein,[REDACTED_SSN],RETIRED
Melvin Watson,[REDACTED_SSN],RETIRED
Evelyn Goodwin,[REDACTED_SSN],RETIRED
Alejandra Fontana,[REDACTED_SSN],RETIRED
Hilaria Hughes,[REDACTED_SSN],RETIRED
Edward Hults,[REDACTED_SSN],RETIRED
Mary Begley,[REDACTED_SSN],RETIRED
Anita Benner,[REDACTED_SSN],RETIRED
Kathryn Green,[REDACTED_SSN],RETIRED
Olga Wolfe,[REDACTED_SSN],RETIRED
Veronica Wright,[REDACTED_SSN],RETIRED
Peggy Epstein,[REDACTED_SSN],RETIRED
Frederick Fee,[REDACTED_SSN],RETIRED
Clara Miller,[REDACTED_SSN],RETIRED
Glen Siegel,[REDACTED_SSN],RETIRED
Henry Lloyd,[REDACTED_SSN],RETIRED
Michael Graham,[REDACTED_SSN],RETIRED
Christina Mcrae,[REDACTED_SSN],RETIRED
Herman Pittman,[REDACTED_SSN],RETIRED
Debbie Llamas,[REDACTED_SSN],RETIRED
Patricia Patton,[REDACTED_SSN],RETIRED

Client Bank Account,Credit Card,Agnes McCartney, [REDACTED_PAN],Sandra Gooch [REDACTED_PAN],Alex Hunt,412624632814911,3001362232291, Ben Lawton Checking Account: 9046127-432 341303856308768,

NAME,SSN,Status,
SSN,,
Real: [REDACTED_SSN],,
Roger Rivers,[REDACTED_SSN],
Penny Coleman,[REDACTED_SSN],
Evelyn Hood,[REDACTED_SSN],
Davis Beck,[REDACTED_SSN],
Linda Mosher,[REDACTED_SSN],
Peggy Soliz,[REDACTED_SSN],
Steven Cochran,[REDACTED_SSN],
Rodney Morgan,[REDACTED_SSN],
Mario Judkins,[REDACTED_SSN],
Janice Mathews,[REDACTED_SSN],
Letha Andrews,[REDACTED_SSN],
Jimmy Johnson,[REDACTED_SSN],
Bruce Stanko,[REDACTED_SSN],
Sandra Bryant,[REDACTED_SSN],
Mike Flaherty,[REDACTED_SSN],
Charlie Hunter,[REDACTED_SSN],RETIRED
Roger Rivers,[REDACTED_SSN],RETIRED
Penny Coleman,[REDACTED_SSN],RETIRED
Jesus Cooper,[REDACTED_SSN],RETIRED
Evelyn Hood,[REDACTED_SSN],RETIRED
Davis Beck,[REDACTED_SSN],RETIRED
Brent Mercado,[REDACTED_SSN],RETIRED
Linda Mosher,[REDACTED_SSN],RETIRED
Peggy Soliz,[REDACTED_SSN],RETIRED
Steven Cochran,[REDACTED_SSN],RETIRED
Rodney Morgan,[REDACTED_SSN],RETIRED
Judi Stump,[REDACTED_SSN],RETIRED
Mario Judkins,[REDACTED_SSN],RETIRED
Jessica Emerson,[REDACTED_SSN],RETIRED
Jan Gunn,[REDACTED_SSN],RETIRED
Janice Mathews,[REDACTED_SSN],RETIRED
Letha Andrews,[REDACTED_SSN],RETIRED
Jimmy Johnson,[REDACTED_SSN],RETIRED
Ronald Johnson,[REDACTED_SSN],RETIRED
Bruce Stanko,[REDACTED_SSN],RETIRED
Sandra Bryant,[REDACTED_SSN],RETIRED
Mike Flaherty,[REDACTED_SSN],RETIRED
Agnes Norris,[REDACTED_SSN],RETIRED
Charlie Hunter,[REDACTED_SSN],RETIRED
Leonard Grant,[REDACTED_SSN],RETIRED
Donna Tinnin,[REDACTED_SSN],RETIRED
Robert Bramlett,[REDACTED_SSN],RETIRED
Ronald Hein,[REDACTED_SSN],RETIRED
Melvin Watson,[REDACTED_SSN],RETIRED
Evelyn Goodwin,[REDACTED_SSN],RETIRED
Alejandra Fontana,[REDACTED_SSN],RETIRED
Hilaria Hughes,[REDACTED_SSN],RETIRED
Edward Hults,[REDACTED_SSN],RETIRED
Mary Begley,[REDACTED_SSN],RETIRED
Anita Benner,[REDACTED_SSN],RETIRED
Kathryn Green,[REDACTED_SSN],RETIRED
Olga Wolfe,[REDACTED_SSN],RETIRED
Veronica Wright,[REDACTED_SSN],RETIRED
Peggy Epstein,[REDACTED_SSN],RETIRED
Frederick Fee,[REDACTED_SSN],RETIRED
Clara Miller,[REDACTED_SSN],RETIRED
Glen Siegel,[REDACTED_SSN],RETIRED
Henry Lloyd,[REDACTED_SSN],RETIRED
Michael Graham,[REDACTED_SSN],RETIRED
Christina Mcrae,[REDACTED_SSN],RETIRED
Herman Pittman,[REDACTED_SSN],RETIRED
Debbie Llamas,[REDACTED_SSN],RETIRED
Patricia Patton,[REDACTED_SSN],RETIRED
NAME,SSN,Status
SSN,,
Real: [REDACTED_SSN],,
Roger Rivers,[REDACTED_SSN],
Penny Coleman,[REDACTED_SSN],
Evelyn Hood,[REDACTED_SSN],
Davis Beck,[REDACTED_SSN],
Linda Mosher,[REDACTED_SSN],
Peggy Soliz,[REDACTED_SSN],
Steven Cochran,[REDACTED_SSN],
Rodney Morgan,[REDACTED_SSN],
Mario Judkins,[REDACTED_SSN],
Janice Mathews,[REDACTED_SSN],
Letha Andrews,[REDACTED_SSN],
Jimmy Johnson,[REDACTED_SSN],
Bruce Stanko,[REDACTED_SSN],
Sandra Bryant,[REDACTED_SSN],
Mike Flaherty,[REDACTED_SSN],
Charlie Hunter,[REDACTED_SSN],RETIRED
Roger Rivers,[REDACTED_SSN],RETIRED
Penny Coleman,[REDACTED_SSN],RETIRED
Jesus Cooper,[REDACTED_SSN],RETIRED
Evelyn Hood,[REDACTED_SSN],RETIRED
Davis Beck,[REDACTED_SSN],RETIRED
Brent Mercado,[REDACTED_SSN],RETIRED
Linda Mosher,[REDACTED_SSN],RETIRED
Peggy Soliz,[REDACTED_SSN],RETIRED
Steven Cochran,[REDACTED_SSN],RETIRED
Rodney Morgan,[REDACTED_SSN],RETIRED
Judi Stump,[REDACTED_SSN],RETIRED
Mario Judkins,[REDACTED_SSN],RETIRED
Jessica Emerson,[REDACTED_SSN],RETIRED
Jan Gunn,[REDACTED_SSN],RETIRED
Janice Mathews,[REDACTED_SSN],RETIRED
Letha Andrews,[REDACTED_SSN],RETIRED
Jimmy Johnson,[REDACTED_SSN],RETIRED
Ronald Johnson,[REDACTED_SSN],RETIRED
Bruce Stanko,[REDACTED_SSN],RETIRED
Sandra Bryant,[REDACTED_SSN],RETIRED
Mike Flaherty,[REDACTED_SSN],RETIRED
Agnes Norris,[REDACTED_SSN],RETIRED
Charlie Hunter,[REDACTED_SSN],RETIRED
Leonard Grant,[REDACTED_SSN],RETIRED
Donna Tinnin,[REDACTED_SSN],RETIRED
Robert Bramlett,[REDACTED_SSN],RETIRED
Ronald Hein,[REDACTED_SSN],RETIRED
Melvin Watson,[REDACTED_SSN],RETIRED
Evelyn Goodwin,[REDACTED_SSN],RETIRED
Alejandra Fontana,[REDACTED_SSN],RETIRED
Hilaria Hughes,[REDACTED_SSN],RETIRED
Edward Hults,[REDACTED_SSN],RETIRED
Mary Begley,[REDACTED_SSN],RETIRED
Anita Benner,[REDACTED_SSN],RETIRED
Kathryn Green,[REDACTED_SSN],RETIRED
Olga Wolfe,[REDACTED_SSN],RETIRED
Veronica Wright,[REDACTED_SSN],RETIRED
Peggy Epstein,[REDACTED_SSN],RETIRED
Frederick Fee,[REDACTED_SSN],RETIRED
Clara Miller,[REDACTED_SSN],RETIRED
Glen Siegel,[REDACTED_SSN],RETIRED
Henry Lloyd,[REDACTED_SSN],RETIRED
Michael Graham,[REDACTED_SSN],RETIRED
Christina Mcrae,[REDACTED_SSN],RETIRED
Herman Pittman,[REDACTED_SSN],RETIRED
Debbie Llamas,[REDACTED_SSN],RETIRED
Patricia Patton,[REDACTED_SSN],RETIRED

